M_Hpp,BR_toy
100.0,1.0e-14
200.0,2.5e-15
300.0,1.111111111111111e-15
400.0,6.25e-16
500.0,4.0e-16
600.0,2.7777777777777777e-16
700.0,2.0408163265306123e-16
800.0,1.5625e-16
900.0,1.234567901234568e-16
1000.0,1.0e-16
